keyword,marketplace,format,recurring_problem,audience_specificity,seasonality,competitor_concentration,median_review_count,observed_bsr_range,trademark_status,differentiation_hypothesis,last_checked
spanish short stories for beginners,us,,,,,,,,,mined from seed: spanish short stories for beginners,2026-08-12
spanish short stories for beginners a2,us,,,,,,,,,mined from seed: spanish short stories for beginners,2026-08-12
spanish short stories for beginners by lingo mastery,us,,,,,,,,,mined from seed: spanish short stories for beginners,2026-08-12
spanish short stories for beginners kindle,us,,,,,,,,,mined from seed: spanish short stories for beginners,2026-08-12
spanish short stories for beginners learn like a native,us,,,,,,,,,mined from seed: spanish short stories for beginners,2026-08-12
spanish short stories for beginners olly richards,us,,,,,,,,,mined from seed: spanish short stories for beginners,2026-08-12
spanish short stories for beginners with audio,us,,,,,,,,,mined from seed: spanish short stories for beginners,2026-08-12
learn spanish,us,,,,,,,,,mined from seed: learn spanish,2026-08-12
learn spanish activity book,us,,,,,,,,,mined from seed: learn spanish,2026-08-12
learn spanish book for 6 year old,us,,,,,,,,,mined from seed: learn spanish,2026-08-12
learn spanish costa rica,us,,,,,,,,,mined from seed: learn spanish,2026-08-12
learn spanish elementary,us,,,,,,,,,mined from seed: learn spanish,2026-08-12
learn spanish for adult beginners,us,,,,,,,,,mined from seed: learn spanish,2026-08-12
learn spanish hypnosis,us,,,,,,,,,mined from seed: learn spanish,2026-08-12
learn spanish in a hurry,us,,,,,,,,,mined from seed: learn spanish,2026-08-12
learn spanish javier caminos,us,,,,,,,,,mined from seed: learn spanish,2026-08-12
learn spanish kids workbook,us,,,,,,,,,mined from seed: learn spanish,2026-08-12
learn spanish like a baby,us,,,,,,,,,mined from seed: learn spanish,2026-08-12
learn spanish mini book,us,,,,,,,,,mined from seed: learn spanish,2026-08-12
learn spanish novel,us,,,,,,,,,mined from seed: learn spanish,2026-08-12
learn spanish on the go,us,,,,,,,,,mined from seed: learn spanish,2026-08-12
learn spanish phrases book,us,,,,,,,,,mined from seed: learn spanish,2026-08-12
learn spanish quickly,us,,,,,,,,,mined from seed: learn spanish,2026-08-12
learn spanish reading mexican myths and legends,us,,,,,,,,,mined from seed: learn spanish,2026-08-12
learn spanish shower curtain,us,,,,,,,,,mined from seed: learn spanish,2026-08-12
learn spanish textbook,us,,,,,,,,,mined from seed: learn spanish,2026-08-12
learn spanish using ai,us,,,,,,,,,mined from seed: learn spanish,2026-08-12
learn spanish vocabulary word puzzles to learn spanish,us,,,,,,,,,mined from seed: learn spanish,2026-08-12
learn spanish workbook for adults,us,,,,,,,,,mined from seed: learn spanish,2026-08-12
learn spanish yoto cards,us,,,,,,,,,mined from seed: learn spanish,2026-08-12
spanish stories a2,us,,,,,,,,,mined from seed: spanish stories,2026-08-12
spanish stories books for beginners,us,,,,,,,,,mined from seed: spanish stories,2026-08-12
spanish stories easy,us,,,,,,,,,mined from seed: spanish stories,2026-08-12
spanish stories for intermediate,us,,,,,,,,,mined from seed: spanish stories,2026-08-12
spanish stories for learners,us,,,,,,,,,mined from seed: spanish stories,2026-08-12
spanish stories intermediate,us,,,,,,,,,mined from seed: spanish stories,2026-08-12
spanish stories kids,us,,,,,,,,,mined from seed: spanish stories,2026-08-12
spanish stories with english translation,us,,,,,,,,,mined from seed: spanish stories,2026-08-12
spanish reading and comprehension,us,,,,,,,,,mined from seed: spanish reading,2026-08-12
spanish reading books for beginners kids,us,,,,,,,,,mined from seed: spanish reading,2026-08-12
spanish reading cards,us,,,,,,,,,mined from seed: spanish reading,2026-08-12
spanish reading comprehension level 3,us,,,,,,,,,mined from seed: spanish reading,2026-08-12
spanish reading decor,us,,,,,,,,,mined from seed: spanish reading,2026-08-12
spanish reading for beginners,us,,,,,,,,,mined from seed: spanish reading,2026-08-12
spanish reading games,us,,,,,,,,,mined from seed: spanish reading,2026-08-12
spanish reading inventory,us,,,,,,,,,mined from seed: spanish reading,2026-08-12
spanish reading kindergarten,us,,,,,,,,,mined from seed: spanish reading,2026-08-12
spanish reading manipulatives,us,,,,,,,,,mined from seed: spanish reading,2026-08-12
spanish reading pen,us,,,,,,,,,mined from seed: spanish reading,2026-08-12
spanish reading rods,us,,,,,,,,,mined from seed: spanish reading,2026-08-12
spanish reading stations,us,,,,,,,,,mined from seed: spanish reading,2026-08-12
spanish reading toddler,us,,,,,,,,,mined from seed: spanish reading,2026-08-12
spanish reading workbook for kids,us,,,,,,,,,mined from seed: spanish reading,2026-08-12
spanish for beginners adult,us,,,,,,,,,mined from seed: spanish for beginners,2026-08-12
spanish for beginners by angela wilkes,us,,,,,,,,,mined from seed: spanish for beginners,2026-08-12
spanish for beginners duff,us,,,,,,,,,mined from seed: spanish for beginners,2026-08-12
spanish for beginners flash cards,us,,,,,,,,,mined from seed: spanish for beginners,2026-08-12
spanish for beginners high school,us,,,,,,,,,mined from seed: spanish for beginners,2026-08-12
spanish for beginners juan fernandez,us,,,,,,,,,mined from seed: spanish for beginners,2026-08-12
spanish for beginners kindle,us,,,,,,,,,mined from seed: spanish for beginners,2026-08-12
spanish for beginners teens,us,,,,,,,,,mined from seed: spanish for beginners,2026-08-12
spanish for beginners workbook,us,,,,,,,,,mined from seed: spanish for beginners,2026-08-12
learn spanish books for kids,us,,,,,,,,,mined from seed: learn spanish books,2026-08-12
